<?xml version="1.0" encoding="utf-8" ?>
<odoo>
    <template id="report_driver_invoice_pdf_template">
        <div class="header">
            <div class="row" style="report_header_style">
                <img src='/driver_roaster/static/image1.jpg' style="your custom style" width="1200"/>
            </div>
        </div>
        <div class="article o_report_layout_standard">
            <t t-out="0"/>
        </div>
        <div class="footer">
            <div class="row" style="footer o_standard_footer">
                <img src='/driver_roaster/static/image.jpg' style="your custom style" width="1200"/>
            </div>
        </div>
    </template>


    <template id="report_driver_invoice_pdf">
        <t t-call="web.html_container">
            <t t-foreach="docs" t-as="doc">
                <t t-call="driver_roaster.report_driver_invoice_pdf_template">
                    <style>-->
                        table,tr{
                        border: 1px solid black;
                        width:1200px
                        }
                        .table2{
                        width:1200px
                        }
                        td{
                        border: 1px solid black;
                        }
                        h1{
                        text-align: center;
                        margin: 30px 20px 30px 0px;
                        }
                        #tr1{
                        height: 70px;
                        background-color:#305478;
                        }
                        #tr2{
                        height: 40px;
                        }
                        #tr3{
                        height: 40px;
                        }
                        #tr4{
                        height: 60px;
                        background-color:#305478;
                        }
                        #tr5{
                        height: 40px;
                        }
                        #tr6{
                        height: 80px;
                        background-color:#305478;
                        }
                        #tr7{
                        height: 40px;
                        }
                        #tr8{
                        height: 10px;
                        }
                        #tr9{
                        height: 100px;
                        }
                        #tr10{
                        height: 20px;
                        }
                        #tr11{
                        height: 80px;
                        #tr12{
                        background-color:#305478;
                        }
                        .tr13{
                        background-color:#305478;
                        }
                        #bar{
                        width:100px;
                        height:100px;
                        }
                    </style>
                    <h1>
                        TAX INVOICE
                    </h1>
                    <table border="1" cellpadding="0" cellspacing="0">
                        <tr id="tr1">
                            <th colspan="4" id="td1">
                                Our Details
                            </th>
                            <th colspan="4" id="td1">
                                Our Details
                            </th>
                        </tr>
                        <tr id="tr2">
                            <td colspan="4" id="td1">
                                <span>
                                    <t t-if="doc.company_id.name"/>
                                    <t t-esc="doc.company_id.name"/>
                                </span>
                                <br/>
                                <span>
                                    <t t-if="doc.company_id.street"/>
                                    <t t-esc="doc.company_id.street"/>
                                </span>
                                <br/>
                                <span>
                                    <t t-if="doc.company_id.street"/>
                                    <t t-esc="doc.company_id.phone"/>
                                </span>
                                <br/>

                            </td>
                            <td colspan="4" id="td1">
                                <span>
                                    <t t-if="doc.company_id.street"/>
                                    <t t-esc="doc.company_id.name"/>
                                </span>
                                <br/>
                                <span>
                                    <t t-if="doc.company_id.street"/>
                                    <t t-esc="doc.company_id.street"/>
                                </span>
                                <br/>
                                <span>
                                    <t t-esc="doc.company_id.phone"/>
                                </span>
                                <br/>
                            </td>
                        </tr>
                        <tr id="tr1">
                            <th colspan="4">
                                Client Details
                            </th>
                            <th colspan="4">
                                Client Details
                            </th>
                        </tr>
                        <tr id="tr3">
                            <td colspan="4">
                                <span>
                                    <t t-if="doc.company_id.street"/>
                                    <t t-esc="doc.partner_id.name"/>
                                    <br/>
                                    <t t-if="doc.company_id.street"/>
                                    <t t-esc="doc.partner_id.street"/>
                                    <br/>
                                    <t t-if="doc.company_id.street"/>
                                    <t t-esc="doc.partner_id.phone"/>
                                    <br/>
                                    <t t-if="doc.company_id.street"/>
                                    <t t-esc="doc.partner_id.email"/>
                                    <br/>
                                </span>
                            </td>
                            <td colspan="4">
                                <span>
                                    <t t-if="doc.company_id.street"/>
                                    <t t-esc="doc.partner_id.name"/>
                                    <br/>
                                    <t t-if="doc.company_id.street"/>
                                    <t t-esc="doc.partner_id.street"/>
                                    <br/>
                                    <t t-if="doc.company_id.street"/>
                                    <t t-esc="doc.partner_id.phone"/>
                                    <br/>
                                    <t t-if="doc.company_id.street"/>
                                    <t t-esc="doc.partner_id.email"/>
                                    <br/>
                                </span>
                            </td>
                        </tr>
                        <table border="1" cellpadding="0" cellspacing="0">
                            <tr id="tr4">
                                <td>
                                    Invoice No
                                </td>
                                <td>
                                    Invoice Date
                                </td>
                                <td>
                                    Payment Term
                                </td>
                                <td>
                                    Date of supply
                                </td>
                                <td>
                                    Contract/PO No
                                </td>
                                <td>
                                    Our Reference
                                </td>
                            </tr>
                            <tr id="tr5">
                                <td>
                                    <span>
                                        <t t-esc="doc.name"/>
                                    </span>
                                </td>
                                <td>
                                    <span>
                                        <t t-esc="doc.invoice_date"/>
                                    </span>

                                </td>
                                <td>
                                    <span>
                                        Immediate Payment
                                    </span>
                                </td>
                                <td>
                                    <span>
                                        <t t-esc="doc.l10n_sa_delivery_date"/>
                                    </span>
                                </td>
                                <td>
                                    <span>
                                        <t t-esc="doc.contract"/>
                                    </span>
                                </td>
                                <td>
                                    <span>
                                        <t t-esc="doc.reference"/>
                                    </span>
                                </td>
                            </tr>
                        </table>
                        <table border="1" cellpadding="0" cellspacing="0">
                            <tr id="tr6">
                                <td>
                                    Sr.No
                                </td>
                                <td>
                                    Description
                                </td>
                                <td>
                                    Qty
                                </td>
                                <td>
                                    UOM
                                </td>
                                <td>
                                    Unit Price
                                </td>
                                <td>
                                    Amount
                                </td>
                                <td>
                                    VAT Amount
                                </td>
                                <td>
                                    Total Price
                                </td>
                            </tr>
                            <t t-set="i" t-value="1"/>
                            <t t-foreach="doc.invoice_line_ids" t-as="line">

                                <t t-set="vat_total"
                                   t-value="0"/>
                                <t t-set="vat_amount"
                                   t-value="0"/>
                                <t t-set="final_price"
                                   t-value="0"/>


                                <t t-foreach="line.tax_ids" t-as="tax">
                                    <t t-set="vat_amount"
                                       t-value="(tax.amount) / 100 * (line.price_subtotal)"/>
                                    <t t-set="vat_total"
                                       t-value="vat_total+vat_amount"/>
                                </t>


                                <t t-set="final_price"
                                   t-value="(line.price_subtotal)+(vat_amount)"/>

                                <tr id="tr7">
                                    <td>
                                        <span>
                                            <t t-esc="i"/>
                                            <t t-set="i" t-value="i+1"/>
                                        </span>
                                    </td>
                                    <td>
                                        <span>
                                            <t t-esc="line.product_id.name"/>
                                        </span>
                                    </td>
                                    <td>
                                        <span>
                                            <t t-esc="line.quantity"/>
                                        </span>
                                    </td>
                                    <td>
                                        <span>
                                        </span>
                                    </td>
                                    <td>
                                        <span>
                                            <t t-esc="line.price_unit"/>
                                        </span>
                                    </td>
                                    <td>
                                        <span>
                                            <t t-esc="line.price_subtotal"/>
                                        </span>
                                    </td>
                                    <td>
                                        <span>
                                            <t t-esc="vat_total"/>
                                        </span>
                                    </td>
                                    <td>
                                        <span>
                                            <t t-esc="final_price"/>
                                        </span>
                                    </td>
                                </tr>
                                <tr id="tr8">
                                </tr>
                            </t>
                        </table>
                        <table border="1" cellpadding="0" cellspacing="0">
                            <tr>
                                <td colspan="2" rowspan="4" width="600px">
                                    <span>Amount In Words</span>
                                    <br/>
                                    <span>
                                        <t t-esc="doc.amount_in_words"/>
                                    </span>
                                    <br/>

                                </td>
                                <td>Subtotal</td>
                                <td>
                                    <span>
                                        <t t-esc="doc.amount_untaxed"/>
                                    </span>
                                </td>
                            </tr>
                            <tr>
                                <td>15%VAT</td>
                                <td>
                                    <span>
                                        <t t-esc="doc.amount_tax"/>
                                    </span>
                                </td>
                            </tr>
                            <tr>
                                <td>Total Amount</td>
                                <td>
                                    <span>
                                        <t t-esc="doc.amount_total"/>
                                    </span>
                                </td>
                            </tr>
                            <tr>
                                <td>Total Due</td>
                                <td>
                                    <span>
                                        <t t-esc="doc.amount_residual"/>
                                    </span>
                                </td>
                            </tr>
                        </table>
                        <table border="1" cellpadding="0" cellspacing="0">
                            <tr>
                                <td id="tr4">Bank Details</td>
                                <td rowspan="2" width="150px">
                                    <div>
                                        <img t-att-src="'/report/barcode/QR/'+doc.name" width="150px" height="150px"/>
                                    </div>
                                </td>
                                <td id="tr4">Prepared By</td>
                                <td id="tr4">Recieved By</td>
                            </tr>
                            <tr id="tr11">
                                <td>

                                </td>
                                <td>Signature with Stamp</td>
                                <td>Signature with Stamp</td>
                            </tr>
                        </table>
                    </table>
                </t>
            </t>
        </t>
    </template>
</odoo>