<odoo>
    <data noupdate="1">
        <record id="email_to_driver" model="mail.template">
            <field name="name">Driver template</field>
            <field name="model_id" ref="driver_roaster.model_driver_registration"/>
            <field name="subject">Driver Details</field>
            <field name="email_from">{{ user.email }}</field>
            <field name="email_to">{{ (object.email) }}</field>
            <field name="body_html" type="html">
                <table border="0" cellpadding="0" cellspacing="0"
                       style="padding-top: 16px; background-color: #F1F1F1; font-family:Verdana, Arial,sans-serif; color: #454748; width: 100%; border-collapse:separate;">
                    <tr>
                        <td align="center">
                            <table border="0" cellpadding="0" cellspacing="0" width="590"
                                   style="padding: 16px; background-color: white; color: #454748; border-collapse:separate;">
                                <tbody>
                                    <tr>
                                        <td align="center" style="min-width: 590px;">
                                            <table border="0" cellpadding="0" cellspacing="0" width="590"
                                                   style="min-width: 590px; background-color: white; padding: 0px 8px 0px 8px; border-collapse:separate;">
                                                <tr>
                                                    <td valign="middle">
                                                        <span style="font-size: 10px;">Your Account</span>
                                                        <br/>
                                                        <span style="font-size: 20px; font-weight: bold;">
                                                            <t t-out="object.employee_id.name"></t>
                                                        </span>
                                                    </td>
                                                    <td valign="middle" align="right">
                                                        <img t-attf-src="/logo.png?company={{ object.company_id.id }}"
                                                             style="padding: 0px; margin: 0px; height: auto; width: 80px;"
                                                             t-att-alt="object.company_id.name"/>
                                                    </td>
                                                </tr>
                                                <tr>
                                                    <td colspan="2" style="text-align:center;">
                                                        <hr width="100%"
                                                            style="background-color:rgb(204,204,204);border:medium none;clear:both;display:block;font-size:0px;min-height:1px;line-height:0; margin: 16px 0px 16px 0px;"/>
                                                    </td>
                                                </tr>
                                            </table>
                                        </td>
                                    </tr>
                                    <!-- CONTENT -->
                                    <tr>
                                        <td align="center" style="min-width: 590px;">
                                            <table border="0" cellpadding="0" cellspacing="0" width="590"
                                                   style="min-width: 590px; background-color: white; padding: 0px 8px 0px 8px; border-collapse:separate;">
                                                <tr>
                                                    <td valign="top" style="font-size: 13px;">
                                                        <div>
                                                            Dear <t t-out="object.employee_id.name"></t>
                                                            <br/>
                                                            Your delivery successfully scheduled on <t
                                                                t-out="object.date"></t>
                                                            <br/>
                                                            driver
                                                            <br/>
                                                            template
                                                            <br/>
                                                            <br/>
                                                            Thanks,
                                                            <t t-if="user.signature">
                                                                <br/>
                                                                <t t-out="user.signature">--<br/>Mitchell Admin
                                                                </t>
                                                            </t>
                                                        </div>
                                                    </td>
                                                </tr>
                                                <tr>
                                                    <td style="text-align:center;">
                                                        <hr width="100%"
                                                            style="background-color:rgb(204,204,204);border:medium none;clear:both;display:block;font-size:0px;min-height:1px;line-height:0; margin: 16px 0px 16px 0px;"/>
                                                    </td>
                                                </tr>
                                            </table>
                                        </td>
                                    </tr>
                                    <!-- FOOTER -->
                                    <tr>
                                        <td align="center" style="min-width: 590px;">
                                            <table border="0" cellpadding="0" cellspacing="0" width="590"
                                                   style="min-width: 590px; background-color: white; font-size: 11px; padding: 0px 8px 0px 8px; border-collapse:separate;">
                                                <tr>
                                                    <td valign="middle" align="left">
                                                        <t t-out="object.company_id.name">YourCompany</t>
                                                    </td>
                                                </tr>
                                                <tr>
                                                    <td valign="middle" align="left" style="opacity: 0.7;">
                                                        <t t-out="object.company_id.phone">+91 9074694894</t>

                                                        <t t-if="object.company_id.email">
                                                            |
                                                            <a t-att-href="'mailto:%s' % object.company_id.email"
                                                               style="text-decoration:none; color: #454748;"
                                                               t-out="object.company_id.email">
                                                                info@yourcompany.com
                                                            </a>
                                                        </t>
                                                        <t t-if="object.company_id.website">
                                                            |
                                                            <a t-att-href="'%s' % object.company_id.website"
                                                               style="text-decoration:none; color: #454748;"
                                                               t-out="object.company_id.website">
                                                                http://www.example.com
                                                            </a>
                                                        </t>
                                                    </td>
                                                </tr>
                                            </table>
                                        </td>
                                    </tr>
                                </tbody>
                            </table>
                        </td>
                    </tr>
                </table>
            </field>
            <field name="auto_delete" eval="True"/>
        </record>
    </data>
</odoo>

