id,name,model_id:id,group_id:id,perm_read,perm_write,perm_create,perm_unlink
access_driver_registration,access.driver.registration,model_driver_registration,,1,1,1,1
access_driver_registration_lines,access.driver.registration.lines,model_driver_registration_lines,,1,1,1,1
access_driver_tags,access.driver.tags,model_driver_tags,,1,1,1,1
access_driver_assign,access.driver.assign,model_driver_assign,,1,1,1,1
access_driver_report,access.driver.report,model_driver_report,,1,1,1,1
access_driver_schedule,access.driver.schedule,model_driver_schedule,,1,1,1,1
access_driver_schedule_lines,access.driver.schedule.lines,model_driver_schedule_lines,,1,1,1,1
access_driver_holidays_lines,access.driver.holidays.lines,model_driver_holidays_lines,,1,1,1,1
access_driver_schedule_wizard,access.driver.schedule.wizard,model_driver_schedule_wizard,,1,1,1,1
access_product_report_wizard,access.product.report.wizard,model_product_report_wizard,,1,1,1,1
access_driver_analysis,access.driver.analysis,model_driver_analysis,,1,1,1,1
