<?xml version="1.0" encoding="UTF-8" ?>
<odoo>

    <record model="ir.module.category" id="module_category_driver_management">
        <field name="name">driver management</field>
        <field name="description">category for driver</field>
        <field name="sequence">45</field>
    </record>
    <record id="group_driver" model="res.groups">
        <field name="name">Driver</field>
        <field name="category_id" ref="driver_roaster.module_category_driver_management"/>
    </record>
    <record id="group_driver_manager" model="res.groups">
        <field name="name">Manager</field>
        <field name="category_id" ref="driver_roaster.module_category_driver_management"/>
        <field name="implied_ids" eval="[(4, ref('group_driver'))]"/>
    </record>
    <record id="group_driver_ceo" model="res.groups">
        <field name="name">CEO</field>
        <field name="category_id" ref="driver_roaster.module_category_driver_management"/>
        <field name="implied_ids" eval="[(4, ref('group_driver')),(4, ref('group_driver_manager'))]"/>
    </record>

        <record id="driver_record_rule" model="ir.rule">
            <field name="name">only see driver contracts</field>
            <field name="model_id" ref="driver_roaster.model_driver_registration"/>
            <field name="groups" eval="[(4, ref('driver_roaster.group_driver'))]"/>
            <field name="perm_read" eval="True"/>
            <field name="perm_write" eval="True"/>
            <field name="perm_create" eval="True"/>
            <field name="perm_unlink" eval="True"/>
            <field name="domain_force">[('create_uid', '=', user.id)]</field>
        </record>

        <record id="rule_driver_manager" model="ir.rule">
            <field name="name">only see driver contracts</field>
            <field name="model_id" ref="driver_roaster.model_driver_registration"/>
            <field name="groups" eval="[(4, ref('driver_roaster.group_driver_manager'))]"/>
            <field name="perm_read" eval="True"/>
            <field name="perm_write" eval="True"/>
            <field name="perm_create" eval="True"/>
            <field name="perm_unlink" eval="True"/>
            <field name="domain_force">['|',('create_uid', '=', user.id),('create_uid','in',[g.user_id.id for g in user.employee_id.subordinate_ids])]
            </field>
        </record>

        <record id="ceo_record_rule" model="ir.rule">
            <field name="name">CEO to all</field>
            <field name="model_id" ref="driver_roaster.model_driver_registration"/>
            <field name="groups" eval="[(4, ref('driver_roaster.group_driver_ceo'))]"/>
            <field name="perm_read" eval="True"/>
            <field name="perm_write" eval="True"/>
            <field name="perm_create" eval="True"/>
            <field name="perm_unlink" eval="True"/>
            <field name="domain_force">[(1, '=', 1)]</field>
        </record>

</odoo>
